Id,First Name,Last Name
18037,Júlia,frase
18038,Manuela,corações
18039,Benjamin,pele
18046,Maria,Flávia Alessandra
18047,Gabriel,Lauane
18048,Vitória,Bortolini
18049,Manuela,lavezzo Valverde
18052,André,André contrabaixo Naamã
18053,Helena,moretto
18054,Heloísa,coruja
18066,Ana,Shake
18067,Laís,Batman
18075,teste,teste
18076,teste,Oliveira
18077,teste,teste
18078,Júlia,Paris
18079,Júlia,Paris
18080,Maicon,anda sobre nós
18081,Samuel,endereço
18082,Mário,Paulo
18083,meu nome é Pedro,azedo da Costa Reis
18084,o meu nome é Lili,guaraná
18085,Kalil,Pedro
18087,Letícia,Christine
18088,Mateus,Henrique
18089,meu nome é João Pedro,Nascimento Ventura Martins
18090,João,Gabriel
18091,Giovani,Giovani Fernando Santiago Ribeiro
18092,Sofia,BluCarros
18093,Pedro,câmera Amaral
18094,Flora,montanha
18095,Helena,Helena Dalla Costa
18096,Mariana,Nogueira Martins Soares
18097,Lucas,Rodrigo Fernandes
18098,Beatriz,Tibiriçá
18099,Samuel,Rocha
18100,Lucas,Hotmail
18101,Arthur,Perez
18102,Júlia,descendentes
18103,Manuela,Doutor Afonso
18104,Arthur,Bento
18105,Sofia,Cap
18107,Sofia,top
18108,Olá,Bueno
18109,Yaris,Hernandes
18111,Davi,No Silêncio
18112,Manuela,Reis Moura
18113,Catarina,quiz de Almeida Poli
18114,meu nome é Ana Beatriz,Mendonça Keller
18115,Sofia,de Souza Marielle
18116,Olavo,gregolin
18117,Júlia,Fazenda
18124,Daniel,Lisboa
18127,Miguel,Vasco
18128,Miguel,Vasco
